,0,1
0,Friseur,"Alle scheinen echt begeistert zu sein, von der Idee ,dass ich die Schnitte übernehme. Was meint ihr soll ich wieder Besitzerin der Schnitte werden? 
oder 
? Paula #berlintagundnacht #friseur #schnitte
See translation"
1,Friseur,"#frisur #frisoer #friseur #haareschneiden #haar #pufpaff #nochnichtschicht #sebastianpufpaff #onkelpuffo
0:00 / 0:27
1.0x"
2,Friseur,"When lockdown really hits back in! 
#friseur
  · See original
  · Rate this translation"
3,Friseur,"Today at the #hairdresser...
_______________________________________________________________________
Become a Supporter: https://steadyhq.com/de/totaberlustig/about
Spending a coffee: https://paypal.me/holtschulte?locale.x=de_DE
  · See original
  · Rate this translation"
4,Friseur,"The first cut is the deepest!
.
.
.
#friseur #glück #gefragtgejagt #quiz #frisur #nachlangemwarten #haare #quizgott #sebastianjacoby #jacoby"
5,Friseur," B I S C U I T 
#biscuit #schwarzkopfpro #blonde #blondie #beachwave #wavy #wave #achim #coiffeursimon #coiffeursimonpapazoglu #blondme #longhair #friseur #frisurentrends #kevinmurphy"
6,Friseur,"The hairstyles will be opening from March 1. I'm taking your orders starting today.
#olafschubert #comedy #frisör #friseur #frisur #haareschneiden
  · See original
  · Rate this translation"
7,Friseur,#lockdown #friseur #schwäbisch #Ländle
8,Friseur,"Starting tomorrow again 
#friseur #coronafrisur #saarland
  · See original
  · Rate this translation"
9,Friseur,"... warten auch auf den #Friseur 
Mehr Fotos von Stephanie: https://www.instagram.com/stephanie_stadler_/
#hochlandrind #füssen #fussen #allgäu #bayern #bavaria
See translation"
10,Friseur,#lockdown #friseur #schwäbisch #Ländle
11,Friseur,"@rtlde @katja_burkard_official 
#solidarität #friseur #friseuregegencorona #medien"
12,Friseur,"WE ARE LOOKING FOR YOU 
RESERVATION APP ChrisGeoFriseurs
or via www.chrisgeofriseure.com
or tel. Nr. 089-41941619
ChrisGeo Barbers
#friseurmünchen #friseureausleidenschaft #bloggerstyle #blondehaare #friseur #megablonde #hairstyle #hairartist #blogger #hairstylist #beauty #bestoftheday #lovemyjob #love #tolleshaar #create #haircreation #wonderfulhair #lovehair #highlights #lovehairstyle #balayageblonde #bayern #Blonde #blondehair #blondehaare #blondehairdontcare  #münchen #haircut #international #münchen  #beauty
  · See original
  · Rate this translation
ChrisGeo Friseure
Hair salon
Learn More"
13,Friseur,"Have a nice weekend 
 #weekend #appointments #hairdresser #meeting #andyandress
  · See original
  · Rate this translation"
14,Friseur,"Hairdressers are opening earlier.
#friseur #lieblingsfriseur 
#friseureöffnenwieder 
#lockdown #lockdownverlängerung 
#inzidenzwertsenken 
#bundländerkonferenz 
#wuppertal #radiowuppertal #zuhauseinwuppertal
  · See original
  · Rate this translation"
15,Friseur,"Probably the best panacea for depression... 
 Every Tuesday from 22 o'clock @bayerischer_rundfunk or 22 o'clock in the BR-Mediathek & on @netflix. 
#monacofranze #franzmünchinger #abisslwasgehtimmer #stenz #jaqueline #heimatliebe #dahoam #ausliebezufrauen #bayerischerrundfunk #münchensoriginal #münchen #helmutfischer #bayern #friseur #einernsthafterältererherr #br #netflix
  · See original
  · Rate this translation
0:00 / 1:00
1.0x
FRANZMUENCHINGER.DE
DAHOAM
Learn More"
16,Friseur,"#friseur #chic#elegant #haare#kosmetik #maske# producer#regesseur #kamera #productdesign #popart #geschenke #retro#vintagestyle #antiquitäten #deko#flowerpower #werbung#greenbox#ruhrpott #oberhausen #diesuperhaendler_official #rtl#ufa#ufashowfactual #goldbuben #teamwork #maske
0:00 / 0:53
1.0x"
17,Friseur,"Today we have a haircut by our trainee Ben. What do you think of his work? 
 Slowly the exam can come 
#Panasonic #siegburg #friseur #barber #stayathome #stayathome #panasonicdeutschland #babier #bonn #Troisdorf #corona #barberworld #bleibtzuhause #Derbarber #Menshair #Haarschneider #panasonic  #mensstyle #barbershop #derbarber #trimmer #umbau #beard  #sanktaugustin #hennef #köln #virus #quarantäne
 @takara_belmont_deutschland @panasonic_de @barberrella @der_barber_dg @ilyas.k06 @ben_jammin_8
  · See original
  · Rate this translation"
18,Friseur,#ichmöchtearbeiten #friseur #friseursalon #friseurunternehmer #münchen #kempten #stuttgart #ulm #vorarlberghältzusammen #loreal #redkenobsessed #redkenready @lorealpro_education_de_at @lorealgermany @lorealpro @redken @rdkeducation
19,Friseur,"...meine Dauerlösung, wenn ich einfach nicht zum Friseur komme... Zopf ! 
#zopf 
#wild #hairstyle #hair #friseur #no #time #not #important #right #rightnow #leisure #look #lookoftheday @marcaurelfashion #ootd 
Werbung wegen Markennennung
See translation"
20,Friseur,#friseursalvashampoo #friseur #friseursalva #blonde #mörfeldenwalldorf #mörfelden #carecut #behindthechair #worfelen #langen #friseursalva #fashion #frisur #fashion #frisuren #balayage #blondehair #color #red #redhair #brunette #eslabondexx #style #hair #haarfarbe #haarschnitt #hairstyle #haircolor #hairstyling #hairpainting #hairdressing  #frankfurt @salvapetri
21,Friseur, #balayage #kis #softshadeskis #friseur #meisterwerk #salon #vorher #nachher @kisdeutschland
22,Friseur,#friday #friseur #haare #skinfade #mönchengladbach #rheydt #fresh
23,Friseur,"Finally the hair is beautiful again 
 #hairdresser #haareschön #greatfühl #brownhair #newhair
  · See original
  · Rate this translation"
24,Friseur,"Sweeping #hairstylist
#balayage #friseur
#leipzig
  · See original
  · Rate this translation"
25,Friseur,"Frisch vom Friseur...
#gganderson #deutscherschlager #G.G.Anderson_Gerd.Grabowski
#friseur #ichhabdiehaareschön
See translation"
26,Friseur,#frisör #friseuredeutschland #friseur #friseurmeisterin #freiburgfriseur #selbstständig #hair #hairstyle #hairandbeautysalon_christine #team #freiburg #freiburghältzusammen
27,Friseur,"From my sketchbook...
#friseur #friseursalon #frisör #cartoon #toonpool #haare #schneiden #papa #mama #maskeauf #quarantäne #lockdown #coronamaßnahmen #wirbleibenzuhause #grußausdemelfenbeinturm
  · See original
  · Rate this translation"
28,Friseur,"#Friseur 
#barber_shop 
#حلاقة_شعر 
#حلاق 
#فيينا_النمسا 
#wien 
#vienna 
#hernalser 
Hernalser Main Street 38 1170 Vienna
  · See original
  · Rate this translation
MAK Friseur
Barber_shop Friseur
Send WhatsApp Message"
29,Friseur,"#haarefärben #freudeamschönsein #blonde #balayage #bewegungimhaar #gänserndorf #friseur
Frisör Renate
Hair salon
Learn More"
30,Friseur,"#طنجة بغيتي تبدل لوك ديالك بثمن مناسب ؟
إتصل دابا بالمختصة في صباغة الشعر 0662069814 
أو على الواتس بضغط على lien التالي
 https://wa.me/212662069814
0539340818 / 0539342494 
العنوان : شارع بيتهوفن في النجمة إقامة أمنية 1 الطابق 3 (متنساوش حنا في عمارة و في طابق 3 رقم 83 )
#coloration #hair #coiffure #hairstyle #balayage #coiffeur #haircut #haircolor #ombrehair #cheveux #colorationcheveux #hairdresser #blonde #salondecoiffure #color #soin #coloriste #style #friseur #blondhair #keratine #lissagebresilien #beauty #massage #beaut #ombre #coiffurefemme #couleur #epilation
See translation"
31,Friseur,"|.FUN.|
•
•
•
#spaß #aktion #friseur #salon #kundenzufriedenheit #pause #klopapier #sektglas #aufdieplätzefertiglos #miteinanderstattgegeneinander #beauty #haarschnitt #men #ladys #color #quatschimkopf #100stundenspäter #wirhabenskapiert #ohnewaszuverschütten #istnochausbaufähig #aberfürserstemalnichtschlecht #likeaboss #tschaukakao
0:00 / 0:41
1.0x"
32,Friseur,"!! Dear customers!! ️
! 
! Wicked message! 
#friseur #friseurberlin #friseursalonsberlin #friseurfriedrichshain #friseurberlinmitte 
#dmachtsloungealexa 
#dmachtsstylealexa
#dmachtsloungemallofberlin
#dmachtsloungeeastsidemall
  · See original
  · Rate this translation
0:00 / 0:17
1.0x"
33,Friseur,#backstagehairdesign #friseur #dortmund #friseurdortmund #dercountdownläuft #wirfreuenunsaufeuch #crewlove #happy
34,Friseur,#innsbruck #tirol #friseur #barbershop #barber #harrystyles
35,Friseur,"Good morning 
ChrisGeo Barbers
#friseurmünchen #friseureausleidenschaft #bloggerstyle #blondehaare #friseur #megablonde #hairstyle #hairartist #blogger #hairstylist #beauty #bestoftheday #videooftheday #lovemyjob #love #tolleshaar #create #haircreation #wonderfulhair #lovehair #highlights #lovehairstyle #balayage #haircut #haareschneiden #haarefärben #munich #münchen
  · See original
  · Rate this translation
ChrisGeo Friseure
Hair salon
Learn More"
36,Friseur,#hairstylinggiovanni #friseur #vorhernachher #tolleveränderung
37,Friseur," #Friseur #Maholiss - Estelle hilft fleißig beim Neujahrsputz
See translation"
38,Friseur,#style #wednesday #imhappy #friseur #friesursalon #
39,Friseur,"... #Friseur is' ja nich 
 ..."
40,Friseur,"Hair Transformation 
#tapeextensions #blondehair #friseur #beauty #completedhair #faceframing #blonde #graz #coiffeur #longhair
0:00 / 0:10
1.0x"
41,Friseur,"Ali AKDURU ® 
istanbul TURKEY
#friseur #hair #haircut #hairstyles #istanbul #fatih #haar #sultanahmet #aksaray #fındıkzade #nişantaşı #olaplex #balayage #ombre #aliakduru @aliakduru #hairextensions #kuaför #best #eniyi
0:00 / 1:00
1.0x"
42,Friseur,"A noble, dark red balayage by Marlen, for the lovely @carmi_karambula 
@londa_education_germany
@londa_professional_official
@wellacompany
@melissa_lausmann
#haardesignmarlenbroermann #friseurdamme #friseur #dammedümmer #damme #vechta #osnabrück #vorhernachher #hairtransformation #komplettveränderung #redhead #redheadgirl #rotehaare #balayage #colorswitch #demipermanent #blondoran #londaprofessional #yeslonda #londalove #londafamily #londacommunity #wahnsinnsglanz #wellacompany #inkedgirl
  · See original
  · Rate this translation"
43,Friseur,"I Love my new place to be. #restart #friseur #friseurgoettingen #haare #greatlengths #göttingen #style #hairstyle #beauty #uni #universitätsstadtgöttingen #umg #interpartner #lieblingseinrichter #redkenbrews #newshahaircare #newsha #diesignmaker #salon #friseursalon #balayage #babylights
0:00 / 0:53
1.0x"
44,Friseur,#friseur #berufe #haarexperte
45,Friseur,"From my sketchbook...
#friseur #terminvergabe #haareschneiden #cartoon #lockdown2021 #corona #pandemie #toonpool #frisör #schere #hair #wortspiel
  · See original
  · Rate this translation"
46,Friseur,#innsbruck #österreich #tirol #friseur #miran #barber #barbershop
47,Friseur,#restart #endlich #freude #friseur #team #
48,Friseur,"Vorher - Nachher
                     #friseur #frisur #kis @kisdeutschland #softshades #friseurmeisterwerk #windischeschenbach #vorhernachher #braun #windischeschenbach #neustadt #weiden #tirschenreuth
See translation"
49,Friseur,"#hairdresser Bautzner Street 01099 14. Dresden
  · See original
  · Rate this translation"
50,Friseur,"Sweep / Shadow 
#haarefärben #balayage #ombre #frisurentrends #friseur #ombrehair #ombrebalayage #mannheim #mannheimcity #sibelfriseurundkosmetik #sibelmannheim
  · See original
  · Rate this translation"
51,Friseur,#vienna #vienna_austria #vienna_city #friseur #friesuren #friesursalon #friends #style 
52,Friseur,"So gehts doch vielen, oder? #nix #friseur #haare #january2021 #januar #virtuallymiamifamous #derlackistab #charlesaznavour #chanson #chansonfrançaise #labarbe #bart #barbershop #barberlife #bart #bärte #bartender 
 #hautsachegesund #bartab #dubistnichtallein #letsdance #dubistschön #letsdance2021 #kannnurbesserwerden
See translation
0:00 / 0:30
1.0x"
53,Friseur,#wirmachenaufmerksam #corona #friseur #machenaufmerksam #steinhöring #staatshilfe #friseursterben #coronahilfe #friseursalon #friseure
54,Friseur,"Thanks to @guanchenliustudio  and @madroni_redclock for an awesome day 
 #hairstyles #hairstylist #hairs #friseur #frisör #friseurmeister #hairstylistontour #andreasschönagel #andreasschonagel #coiffure #couffeur #frisør #hairart #hairoftheday #hairofinstagram #hairtransformation #hairgoals #hairdresser"
55,Friseur,#blond #strähnen #balayage #friseur #syke #weyhe #brown #blondexperten #Bremen #blondhair #ufukgüler #locken #glätten #redken #GHD #happyhair #braun #hairdresser #loreal #best #copper #kupfer #rot #grau #silber #silverhair #granny #look #foryou #team
56,Friseur,#innsbruck #tirol #friseur #barbershop #barber
57,Friseur,#90grad#friseur#bremen#hier#werden#engel#gemacht#deine#mutti#war#hier#und#sieht#jetzt#besser#aus#als#du#intercoiffuredeutschland#loreal#kerastase#shumura#dyson#yusuf#bremengirl#bremencity#bremenlove#haare#haareschneiden#
58,Friseur,#eswird #friseur #wirfreununs #hoffnung
59,Friseur,"#haircolor #lorealprofessionnel #kerastase #balayage #lovemyjob #fürth #nürnberg  #friseurfürth #friseurnürnberg #munich #haircut #smartbond #smartbondloreal #blondhair #lorealproformula #softbalayage #wirsindmajirel #strähnen #instagood #friseurnürnberg #friseur #kühlesblond #bestteam #haircut #majirelglow #newmajirel #blondexpert #lorealpro #lorealprode #rootshadow #hairdresser #greatlengths #haircolor 
*werbung/verlinkung
See translation"
60,Friseur,"ICE - Princess 
#iceblondehair #friseur #sulzbachlaufen #gaildorf#schwäbischgmünd #womanstylefashion
  · See original
  · Rate this translation"
61,Friseur,"An die österreichische Bundesregierung und Nationalratsabgeordenten! #Bundesregierung #wirtschaftakammer #friseur
See translation
0:00 / 2:34
1.0x"
62,Friseur,"#friseur 
The citizens of Germany are very grateful today.
We love Merkel and her caring politics. 
  · See original
  · Rate this translation"
63,Friseur,Baby Pink Hair #coiffeuruli #friseur #kerastase #wien #longbob #babypink #loreal
64,Friseur,"Friseure im Stern
EIN STÜCK NORMALITÄT....... 
 #friseur#londa#wella#friseuregegencorona#haircut#dinklage#vechta#damme#lohne#orginaldinklage#burgdinklage
See translation
0:00 / 0:10
1.0x"
65,Friseur,#sitwithbernie #bennysfriseure #bernie #friseur #weiden #oberpfalz #bayern #weideninderoberpfalz #euerfriseurliebteuch #fun
66,Friseur,"Kasia is back in intense colors in the spring! 
And it was cool blonde... 
Coloring: Kate I Piotrek
Haircut: Krzesiek
Styling: Piotrek
#zoneconcept #MilkShake
#цырульнік #friseur #парикма́хер #перукар #parrucchiere
#włosy #hair #волосы #hairstyle #hairstylist #колорист #hairdresser #haircolor #koloryzacja #girl #polishgirl #polskadziewczyna
  · See original
  · Rate this translation"
67,Friseur,"Boss very focused at work 
#friseur #cutnmore #brilon #masterstylist #konzentration #hairspray #wella #ssp #spenergycode #chefinwork
  · See original
  · Rate this translation"
68,Friseur,"It can be a little colorful 
#friseur #stylinglounge #dörlesberg #Wertheim #lilahair #farbenfroh #newhair #newhaircolor #kommtvorbei #wirfreuenunsaufeuch #
  · See original
  · Rate this translation"
